order,set_key,file_path,thumbnail,width,height
1,Columbus,https://35.190.142.173/:3000/dic_docs/Columbus_Box92\Columbus_AD_002.jpg,https://35.190.142.173/:3000/dcic_docs/Columbus_Box92/thumb/Columbus_AD_002.jpg,900,1446
2,Columbus,https://35.190.142.173/:3000/dic_docs/Columbus_Box92\Columbus_AD_003.jpg,https://35.190.142.173/:3000/dcic_docs/Columbus_Box92/thumb/Columbus_AD_003.jpg,900,1447
3,Columbus,https://35.190.142.173/:3000/dic_docs/Columbus_Box92\Columbus_AD_004.jpg,https://35.190.142.173/:3000/dcic_docs/Columbus_Box92/thumb/Columbus_AD_004.jpg,900,1446
4,Columbus,https://35.190.142.173/:3000/dic_docs/Columbus_Box92\Columbus_AD_005.jpg,https://35.190.142.173/:3000/dcic_docs/Columbus_Box92/thumb/Columbus_AD_005.jpg,900,1446
5,Columbus,https://35.190.142.173/:3000/dic_docs/Columbus_Box92\Columbus_AD_006.jpg,https://35.190.142.173/:3000/dcic_docs/Columbus_Box92/thumb/Columbus_AD_006.jpg,900,1447
6,Columbus,https://35.190.142.173/:3000/dic_docs/Columbus_Box92\Columbus_AD_007.jpg,https://35.190.142.173/:3000/dcic_docs/Columbus_Box92/thumb/Columbus_AD_007.jpg,900,1446
7,Columbus,https://35.190.142.173/:3000/dic_docs/Columbus_Box92\Columbus_AD_008.jpg,https://35.190.142.173/:3000/dcic_docs/Columbus_Box92/thumb/Columbus_AD_008.jpg,900,1446
8,Columbus,https://35.190.142.173/:3000/dic_docs/Columbus_Box92\Columbus_AD_009.jpg,https://35.190.142.173/:3000/dcic_docs/Columbus_Box92/thumb/Columbus_AD_009.jpg,900,1446
9,Columbus,https://35.190.142.173/:3000/dic_docs/Columbus_Box92\Columbus_AD_010.jpg,https://35.190.142.173/:3000/dcic_docs/Columbus_Box92/thumb/Columbus_AD_010.jpg,900,1455
10,Columbus,https://35.190.142.173/:3000/dic_docs/Columbus_Box92\Columbus_AD_011.jpg,https://35.190.142.173/:3000/dcic_docs/Columbus_Box92/thumb/Columbus_AD_011.jpg,900,1460
